{
  "features": [
    "ph",
    "Hardness",
    "Solids",
    "Chloramines",
    "Sulfate",
    "Conductivity",
    "Organic_carbon",
    "Trihalomethanes",
    "Turbidity"
  ],
  "medians": {
    "ph": 7.036752103833548,
    "Hardness": 196.96762686363076,
    "Solids": 20927.833606520187,
    "Chloramines": 7.130298973883081,
    "Sulfate": 333.073545745888,
    "Conductivity": 421.8849682800544,
    "Organic_carbon": 14.218337937208588,
    "Trihalomethanes": 66.62248509808484,
    "Turbidity": 3.955027562993039
  }
}